user,tag,weakness
Ah_naf,binary search,0.1254993548721537
Ah_naf,bitmasks,0.39506732932117694
Ah_naf,brute force,0.17388946689809243
Ah_naf,combinatorics,0.00042766610940476654
Ah_naf,constructive algorithms,0.16414995374283584
Ah_naf,data structures,0.27650298718297633
Ah_naf,dfs and similar,0.41238532039146036
Ah_naf,divide and conquer,0.605698347167684
Ah_naf,dp,0.36107976103474865
Ah_naf,dsu,0.13902404516017025
Ah_naf,games,0.0009719684304653784
Ah_naf,geometry,0.45941477420813376
Ah_naf,graph matchings,0.0003110298977489211
Ah_naf,graphs,0.3500488117479278
Ah_naf,greedy,0.21997167475406904
Ah_naf,hashing,0.2636239014956794
Ah_naf,implementation,0.14457878773529534
Ah_naf,interactive,1.1817165448466234
Ah_naf,math,0.1473143216308334
Ah_naf,matrices,3.887873721861514e-05
Ah_naf,number theory,0.053371323744302715
Ah_naf,schedules,0.0001943936860930757
Ah_naf,shortest paths,0.2269582783543028
Ah_naf,sortings,0.1470185048389628
Ah_naf,string suffix structures,0.8006609385327164
Ah_naf,strings,0.11699381504088752
Ah_naf,ternary search,0.00015551494887446055
Ah_naf,trees,0.47334214584710277
Ah_naf,two pointers,0.17135297890494935
Eftekhar_Nahim,2-sat,0.0003110298977489211
Eftekhar_Nahim,binary search,0.09273712036733867
Eftekhar_Nahim,bitmasks,0.03706504587960843
Eftekhar_Nahim,brute force,0.01963333065220953
Eftekhar_Nahim,chinese remainder theorem,3.887873721861514e-05
Eftekhar_Nahim,combinatorics,0.11900511903373373
Eftekhar_Nahim,constructive algorithms,0.03604045933653446
Eftekhar_Nahim,data structures,0.06516778073275328
Eftekhar_Nahim,dfs and similar,0.14682142024027062
Eftekhar_Nahim,divide and conquer,0.39626099944273807
Eftekhar_Nahim,dp,0.07464924316786281
Eftekhar_Nahim,dsu,0.07336382155123936
Eftekhar_Nahim,fft,7.775747443723027e-05
Eftekhar_Nahim,flows,7.775747443723027e-05
Eftekhar_Nahim,games,0.0013607558026515298
Eftekhar_Nahim,geometry,0.08820787650817101
Eftekhar_Nahim,graph matchings,0.00011663621165584542
Eftekhar_Nahim,graphs,0.14672284517636366
Eftekhar_Nahim,greedy,0.05169861242170832
Eftekhar_Nahim,hashing,0.2526683053334427
Eftekhar_Nahim,implementation,0.03683601991836332
Eftekhar_Nahim,interactive,0.5341886655521428
Eftekhar_Nahim,math,0.04855629649149
Eftekhar_Nahim,matrices,0.00011663621165584542
Eftekhar_Nahim,number theory,0.030199978206748725
Eftekhar_Nahim,schedules,0.00015551494887446055
Eftekhar_Nahim,shortest paths,0.000272151160530306
Eftekhar_Nahim,sortings,0.06289254925000032
Eftekhar_Nahim,strings,0.058392759696376285
Eftekhar_Nahim,ternary search,0.00034990863496753624
Eftekhar_Nahim,trees,0.0017884219120562965
Eftekhar_Nahim,two pointers,0.03524874013415294
Mestu,*special,0.7251166362116558
Mestu,binary search,0.16356202906779582
Mestu,bitmasks,0.11835614893148265
Mestu,brute force,0.12404009037146467
Mestu,combinatorics,0.10411095039469849
Mestu,constructive algorithms,0.10968662581384858
Mestu,data structures,0.17730177190511526
Mestu,dfs and similar,0.16587908176466565
Mestu,divide and conquer,0.3379165143916125
Mestu,dp,0.222997364707082
Mestu,dsu,0.10634213576743025
Mestu,flows,1.2667055454038851
Mestu,games,0.3258629181736011
Mestu,geometry,0.0012829983282142995
Mestu,graph matchings,0.00011663621165584542
Mestu,graphs,0.3141049363036688
Mestu,greedy,0.16820274198310298
Mestu,hashing,0.25243503291013103
Mestu,implementation,0.09251167317126854
Mestu,interactive,0.0001943936860930757
Mestu,math,0.10753139947924453
Mestu,matrices,0.00015551494887446055
Mestu,number theory,0.05494820461564749
Mestu,probabilities,0.00011663621165584542
Mestu,shortest paths,0.7895887061588239
Mestu,sortings,0.154482549664813
Mestu,string suffix structures,3.887873721861514e-05
Mestu,strings,0.03890943122759092
Mestu,trees,0.1561908570434122
Mestu,two pointers,0.055386672183744594
RakibJoy,2-sat,7.775747443723027e-05
RakibJoy,binary search,0.0939131757000533
RakibJoy,bitmasks,0.05770078189901205
RakibJoy,brute force,0.0412511556231396
RakibJoy,combinatorics,0.0817563446204088
RakibJoy,constructive algorithms,0.12872750793054247
RakibJoy,data structures,0.10196099138138001
RakibJoy,dfs and similar,0.06739939089978364
RakibJoy,divide and conquer,0.3324996954498917
RakibJoy,dp,0.05244498658683567
RakibJoy,dsu,0.1368940586809741
RakibJoy,expression parsing,0.0006220597954978422
RakibJoy,fft,0.0004665448466233817
RakibJoy,flows,7.775747443723027e-05
RakibJoy,games,0.08176079640933266
RakibJoy,geometry,0.09960303369346561
RakibJoy,graph matchings,7.775747443723027e-05
RakibJoy,graphs,0.10575426319528142
RakibJoy,greedy,0.07381591902855
RakibJoy,hashing,0.0004665448466233817
RakibJoy,implementation,0.06985430971047046
RakibJoy,interactive,0.10933252119971142
RakibJoy,math,0.09997779336052218
RakibJoy,matrices,7.775747443723027e-05
RakibJoy,number theory,0.22193441818234239
RakibJoy,probabilities,0.0012441195909956844
RakibJoy,schedules,0.0004665448466233817
RakibJoy,shortest paths,0.0006220597954978422
RakibJoy,sortings,0.035111480862940456
RakibJoy,string suffix structures,0.0001943936860930757
RakibJoy,strings,0.0023716029703355233
RakibJoy,ternary search,0.0012052408537770692
RakibJoy,trees,0.14153532943250008
RakibJoy,two pointers,0.10028395503104286
Robin008,2-sat,0.000272151160530306
Robin008,binary search,0.16303735092076702
Robin008,bitmasks,0.11748491109008785
Robin008,brute force,0.09215263617675995
Robin008,chinese remainder theorem,0.00023327242331169085
Robin008,combinatorics,0.0013218770654329147
Robin008,constructive algorithms,0.11560537287262612
Robin008,data structures,0.0572863786955628
Robin008,dfs and similar,0.2508236172489117
Robin008,divide and conquer,7.775747443723027e-05
Robin008,dp,0.17208685289316994
Robin008,dsu,0.3007775747443722
Robin008,expression parsing,0.000272151160530306
Robin008,fft,0.00023327242331169085
Robin008,flows,0.0003110298977489211
Robin008,games,0.0003110298977489211
Robin008,geometry,0.0003887873721861514
Robin008,graph matchings,7.775747443723027e-05
Robin008,graphs,0.17806980029288652
Robin008,greedy,0.09442243261310401
Robin008,hashing,0.0003887873721861514
Robin008,implementation,0.05223560728865303
Robin008,interactive,0.7614998984832972
Robin008,math,0.11229350181007897
Robin008,matrices,3.887873721861514e-05
Robin008,meet-in-the-middle,7.775747443723027e-05
Robin008,number theory,0.11648445534389323
Robin008,probabilities,0.0001943936860930757
Robin008,shortest paths,0.7917833028783225
Robin008,sortings,0.007153687648225186
Robin008,strings,0.002604875393647214
Robin008,trees,0.1696573695286378
Robin008,two pointers,0.2591896264963567
RollBack,*special,7.775747443723027e-05
RollBack,2-sat,0.00042766610940476654
RollBack,binary search,0.07870778714529228
RollBack,bitmasks,0.09913802599691562
RollBack,brute force,0.06776867456013139
RollBack,chinese remainder theorem,3.887873721861514e-05
RollBack,combinatorics,0.16772751896528598
RollBack,constructive algorithms,0.07867072398984892
RollBack,data structures,0.09166723441825782
RollBack,dfs and similar,0.1140668311837034
RollBack,divide and conquer,0.000583181058279227
RollBack,dp,0.07208832391306859
RollBack,dsu,0.2460978975805233
RollBack,games,0.0011274833793398391
RollBack,geometry,0.1460886046421212
RollBack,graph matchings,0.00034990863496753624
RollBack,graphs,0.14649577087521326
RollBack,greedy,0.0698264472449274
RollBack,hashing,0.2267154449354098
RollBack,implementation,0.11132134605935552
RollBack,interactive,0.0006609385327164573
RollBack,math,0.05345007747366577
RollBack,matrices,7.775747443723027e-05
RollBack,meet-in-the-middle,3.887873721861514e-05
RollBack,number theory,0.05501374403238991
RollBack,probabilities,0.0009719684304653784
RollBack,shortest paths,0.3010053342842425
RollBack,sortings,0.04332026139004297
RollBack,string suffix structures,0.8167444241411039
RollBack,strings,0.1411948077697885
RollBack,ternary search,0.000272151160530306
RollBack,trees,0.05369623647748921
RollBack,two pointers,0.11065328495155899
rkb_rd,*special,0.37735548449386364
rkb_rd,binary search,0.14060064522042307
rkb_rd,bitmasks,0.2739088785644756
rkb_rd,brute force,0.2529638038956495
rkb_rd,chinese remainder theorem,0.0008553322188095331
rkb_rd,combinatorics,0.06982793427224866
rkb_rd,constructive algorithms,0.19789755501465944
rkb_rd,data structures,0.31121930039051166
rkb_rd,dfs and similar,0.49816228893885517
rkb_rd,divide and conquer,0.6893595414364136
rkb_rd,dp,0.2652088181283906
rkb_rd,dsu,0.44623286635650083
rkb_rd,expression parsing,1.2667055454038851
rkb_rd,fft,0.0006220597954978422
rkb_rd,flows,1.8000388787372186
rkb_rd,games,0.23739410943932537
rkb_rd,geometry,0.0015162707515259904
rkb_rd,graphs,0.5611152149778176
rkb_rd,greedy,0.2294618102940122
rkb_rd,hashing,0.38027260874566793
rkb_rd,implementation,0.2519447158684759
rkb_rd,interactive,0.2326337276483628
rkb_rd,math,0.16838301640147174
rkb_rd,meet-in-the-middle,0.00011663621165584542
rkb_rd,number theory,0.059715898037099174
rkb_rd,probabilities,0.000583181058279227
rkb_rd,shortest paths,0.1824145711747283
rkb_rd,sortings,0.20275374999606988
rkb_rd,string suffix structures,0.3016646219330795
rkb_rd,strings,0.12764614205330616
rkb_rd,ternary search,0.7506220597954978
rkb_rd,trees,0.39046941611336455
rkb_rd,two pointers,0.12321283506486849
shimolnaha108,2-sat,3.887873721861514e-05
shimolnaha108,binary search,0.15923289211566416
shimolnaha108,bitmasks,0.16732662817326568
shimolnaha108,brute force,0.1320594043303821
shimolnaha108,combinatorics,0.08516430923823595
shimolnaha108,constructive algorithms,0.11874934430624637
shimolnaha108,data structures,0.14122693518914503
shimolnaha108,dfs and similar,0.12655625533712422
shimolnaha108,dp,0.22244499116397237
shimolnaha108,dsu,0.00023327242331169085
shimolnaha108,flows,0.47048700658202625
shimolnaha108,games,0.0009719684304653784
shimolnaha108,geometry,0.12293610938227474
shimolnaha108,graph matchings,0.47048700658202625
shimolnaha108,graphs,0.141072029340487
shimolnaha108,greedy,0.12654764685596803
shimolnaha108,hashing,0.4875035818836605
shimolnaha108,implementation,0.09873544342733365
shimolnaha108,interactive,3.887873721861514e-05
shimolnaha108,math,0.11322559958770619
shimolnaha108,matrices,3.887873721861514e-05
shimolnaha108,number theory,0.1268439687029379
shimolnaha108,probabilities,0.00011663621165584542
shimolnaha108,shortest paths,0.4853407001340597
shimolnaha108,sortings,0.0894647507039855
shimolnaha108,string suffix structures,3.887873721861514e-05
shimolnaha108,strings,0.124969661911001
shimolnaha108,trees,0.00015551494887446055
shimolnaha108,two pointers,0.11164611847647182
tuhin107494,binary search,0.349830577982827
tuhin107494,bitmasks,0.14030915443213343
tuhin107494,brute force,0.2022291512771666
tuhin107494,chinese remainder theorem,1.5667055454038852
tuhin107494,combinatorics,0.10650034082159276
tuhin107494,constructive algorithms,0.19428630079030096
tuhin107494,data structures,0.28115861260133224
tuhin107494,dfs and similar,0.4625216313599134
tuhin107494,divide and conquer,1.07419071028573
tuhin107494,dp,0.2936603294325
tuhin107494,dsu,0.4391449640001407
tuhin107494,expression parsing,7.775747443723027e-05
tuhin107494,flows,0.00011663621165584542
tuhin107494,games,0.10436674933957901
tuhin107494,geometry,0.2993874918942633
tuhin107494,graphs,0.3433337113849595
tuhin107494,greedy,0.2061217722865843
tuhin107494,hashing,0.0015162707515259904
tuhin107494,implementation,0.1333800764756837
tuhin107494,math,0.18278425151338842
tuhin107494,matrices,1.4333722120705519
tuhin107494,number theory,0.15524331830193655
tuhin107494,probabilities,3.887873721861514e-05
tuhin107494,schedules,7.775747443723027e-05
tuhin107494,shortest paths,0.00011663621165584542
tuhin107494,sortings,0.17439595133547697
tuhin107494,string suffix structures,0.0013607558026515298
tuhin107494,strings,0.1135167829140909
tuhin107494,ternary search,0.49652956871960807
tuhin107494,trees,0.5112737898273065
tuhin107494,two pointers,0.09912226049946653
